1st Place,2nd Place,3rd Place
スターズオンアース,ジャスティンパレス,タイトルホルダー
スターズオンアース,ジャスティンパレス,タスティエーラ
スターズオンアース,ジャスティンパレス,ドウドゥース
スターズオンアース,ジャスティンパレス,ディープポンド
スターズオンアース,ジャスティンパレス,ソールオリエンス
スターズオンアース,ジャスティンパレス,スルーセブンシーズ
スターズオンアース,ジャスティンパレス,ウインマリリン
スターズオンアース,ジャスティンパレス,シャフリヤール
スターズオンアース,ジャスティンパレス,プラダリア
スターズオンアース,ジャスティンパレス,アイアンバローズ
スターズオンアース,ジャスティンパレス,ライラック
スターズオンアース,ジャスティンパレス,ハーパー
スターズオンアース,ジャスティンパレス,ホウホウエミーズ
スターズオンアース,ジャスティンパレス,ヒートオンビート
スターズオンアース,タイトルホルダー,ジャスティンパレス
スターズオンアース,タイトルホルダー,タスティエーラ
スターズオンアース,タイトルホルダー,ドウドゥース
スターズオンアース,タイトルホルダー,ディープポンド
スターズオンアース,タイトルホルダー,ソールオリエンス
スターズオンアース,タイトルホルダー,スルーセブンシーズ
スターズオンアース,タイトルホルダー,ウインマリリン
スターズオンアース,タイトルホルダー,シャフリヤール
スターズオンアース,タイトルホルダー,プラダリア
スターズオンアース,タイトルホルダー,アイアンバローズ
スターズオンアース,タイトルホルダー,ライラック
スターズオンアース,タイトルホルダー,ハーパー
スターズオンアース,タイトルホルダー,ホウホウエミーズ
スターズオンアース,タイトルホルダー,ヒートオンビート
スターズオンアース,タスティエーラ,ジャスティンパレス
スターズオンアース,タスティエーラ,タイトルホルダー
スターズオンアース,タスティエーラ,ドウドゥース
スターズオンアース,タスティエーラ,ディープポンド
スターズオンアース,タスティエーラ,ソールオリエンス
スターズオンアース,タスティエーラ,スルーセブンシーズ
スターズオンアース,タスティエーラ,ウインマリリン
スターズオンアース,タスティエーラ,シャフリヤール
スターズオンアース,タスティエーラ,プラダリア
スターズオンアース,タスティエーラ,アイアンバローズ
スターズオンアース,タスティエーラ,ライラック
スターズオンアース,タスティエーラ,ハーパー
スターズオンアース,タスティエーラ,ホウホウエミーズ
スターズオンアース,タスティエーラ,ヒートオンビート
スターズオンアース,ドウドゥース,ジャスティンパレス
スターズオンアース,ドウドゥース,タイトルホルダー
スターズオンアース,ドウドゥース,タスティエーラ
スターズオンアース,ドウドゥース,ディープポンド
スターズオンアース,ドウドゥース,ソールオリエンス
スターズオンアース,ドウドゥース,スルーセブンシーズ
スターズオンアース,ドウドゥース,ウインマリリン
スターズオンアース,ドウドゥース,シャフリヤール
スターズオンアース,ドウドゥース,プラダリア
スターズオンアース,ドウドゥース,アイアンバローズ
スターズオンアース,ドウドゥース,ライラック
スターズオンアース,ドウドゥース,ハーパー
スターズオンアース,ドウドゥース,ホウホウエミーズ
スターズオンアース,ドウドゥース,ヒートオンビート
スターズオンアース,ディープポンド,ジャスティンパレス
スターズオンアース,ディープポンド,タイトルホルダー
スターズオンアース,ディープポンド,タスティエーラ
スターズオンアース,ディープポンド,ドウドゥース
スターズオンアース,ディープポンド,ソールオリエンス
スターズオンアース,ディープポンド,スルーセブンシーズ
スターズオンアース,ディープポンド,ウインマリリン
スターズオンアース,ディープポンド,シャフリヤール
スターズオンアース,ディープポンド,プラダリア
スターズオンアース,ディープポンド,アイアンバローズ
スターズオンアース,ディープポンド,ライラック
スターズオンアース,ディープポンド,ハーパー
スターズオンアース,ディープポンド,ホウホウエミーズ
スターズオンアース,ディープポンド,ヒートオンビート
スターズオンアース,ソールオリエンス,ジャスティンパレス
スターズオンアース,ソールオリエンス,タイトルホルダー
スターズオンアース,ソールオリエンス,タスティエーラ
スターズオンアース,ソールオリエンス,ドウドゥース
スターズオンアース,ソールオリエンス,ディープポンド
スターズオンアース,ソールオリエンス,スルーセブンシーズ
スターズオンアース,ソールオリエンス,ウインマリリン
スターズオンアース,ソールオリエンス,シャフリヤール
スターズオンアース,ソールオリエンス,プラダリア
スターズオンアース,ソールオリエンス,アイアンバローズ
スターズオンアース,ソールオリエンス,ライラック
スターズオンアース,ソールオリエンス,ハーパー
スターズオンアース,ソールオリエンス,ホウホウエミーズ
スターズオンアース,ソールオリエンス,ヒートオンビート
スターズオンアース,スルーセブンシーズ,ジャスティンパレス
スターズオンアース,スルーセブンシーズ,タイトルホルダー
スターズオンアース,スルーセブンシーズ,タスティエーラ
スターズオンアース,スルーセブンシーズ,ドウドゥース
スターズオンアース,スルーセブンシーズ,ディープポンド
スターズオンアース,スルーセブンシーズ,ソールオリエンス
スターズオンアース,スルーセブンシーズ,ウインマリリン
スターズオンアース,スルーセブンシーズ,シャフリヤール
スターズオンアース,スルーセブンシーズ,プラダリア
スターズオンアース,スルーセブンシーズ,アイアンバローズ
スターズオンアース,スルーセブンシーズ,ライラック
スターズオンアース,スルーセブンシーズ,ハーパー
スターズオンアース,スルーセブンシーズ,ホウホウエミーズ
スターズオンアース,スルーセブンシーズ,ヒートオンビート
スターズオンアース,ウインマリリン,ジャスティンパレス
スターズオンアース,ウインマリリン,タイトルホルダー
スターズオンアース,ウインマリリン,タスティエーラ
スターズオンアース,ウインマリリン,ドウドゥース
スターズオンアース,ウインマリリン,ディープポンド
スターズオンアース,ウインマリリン,ソールオリエンス
スターズオンアース,ウインマリリン,スルーセブンシーズ
スターズオンアース,ウインマリリン,シャフリヤール
スターズオンアース,ウインマリリン,プラダリア
スターズオンアース,ウインマリリン,アイアンバローズ
スターズオンアース,ウインマリリン,ライラック
スターズオンアース,ウインマリリン,ハーパー
スターズオンアース,ウインマリリン,ホウホウエミーズ
スターズオンアース,ウインマリリン,ヒートオンビート
スターズオンアース,シャフリヤール,ジャスティンパレス
スターズオンアース,シャフリヤール,タイトルホルダー
スターズオンアース,シャフリヤール,タスティエーラ
スターズオンアース,シャフリヤール,ドウドゥース
スターズオンアース,シャフリヤール,ディープポンド
スターズオンアース,シャフリヤール,ソールオリエンス
スターズオンアース,シャフリヤール,スルーセブンシーズ
スターズオンアース,シャフリヤール,ウインマリリン
スターズオンアース,シャフリヤール,プラダリア
スターズオンアース,シャフリヤール,アイアンバローズ
スターズオンアース,シャフリヤール,ライラック
スターズオンアース,シャフリヤール,ハーパー
スターズオンアース,シャフリヤール,ホウホウエミーズ
スターズオンアース,シャフリヤール,ヒートオンビート
スターズオンアース,プラダリア,ジャスティンパレス
スターズオンアース,プラダリア,タイトルホルダー
スターズオンアース,プラダリア,タスティエーラ
スターズオンアース,プラダリア,ドウドゥース
スターズオンアース,プラダリア,ディープポンド
スターズオンアース,プラダリア,ソールオリエンス
スターズオンアース,プラダリア,スルーセブンシーズ
スターズオンアース,プラダリア,ウインマリリン
スターズオンアース,プラダリア,シャフリヤール
スターズオンアース,プラダリア,アイアンバローズ
スターズオンアース,プラダリア,ライラック
スターズオンアース,プラダリア,ハーパー
スターズオンアース,プラダリア,ホウホウエミーズ
スターズオンアース,プラダリア,ヒートオンビート
スターズオンアース,アイアンバローズ,ジャスティンパレス
スターズオンアース,アイアンバローズ,タイトルホルダー
スターズオンアース,アイアンバローズ,タスティエーラ
スターズオンアース,アイアンバローズ,ドウドゥース
スターズオンアース,アイアンバローズ,ディープポンド
スターズオンアース,アイアンバローズ,ソールオリエンス
スターズオンアース,アイアンバローズ,スルーセブンシーズ
スターズオンアース,アイアンバローズ,ウインマリリン
スターズオンアース,アイアンバローズ,シャフリヤール
スターズオンアース,アイアンバローズ,プラダリア
スターズオンアース,アイアンバローズ,ライラック
スターズオンアース,アイアンバローズ,ハーパー
スターズオンアース,アイアンバローズ,ホウホウエミーズ
スターズオンアース,アイアンバローズ,ヒートオンビート
スターズオンアース,ライラック,ジャスティンパレス
スターズオンアース,ライラック,タイトルホルダー
スターズオンアース,ライラック,タスティエーラ
スターズオンアース,ライラック,ドウドゥース
スターズオンアース,ライラック,ディープポンド
スターズオンアース,ライラック,ソールオリエンス
スターズオンアース,ライラック,スルーセブンシーズ
スターズオンアース,ライラック,ウインマリリン
スターズオンアース,ライラック,シャフリヤール
スターズオンアース,ライラック,プラダリア
スターズオンアース,ライラック,アイアンバローズ
スターズオンアース,ライラック,ハーパー
スターズオンアース,ライラック,ホウホウエミーズ
スターズオンアース,ライラック,ヒートオンビート
スターズオンアース,ハーパー,ジャスティンパレス
スターズオンアース,ハーパー,タイトルホルダー
スターズオンアース,ハーパー,タスティエーラ
スターズオンアース,ハーパー,ドウドゥース
スターズオンアース,ハーパー,ディープポンド
スターズオンアース,ハーパー,ソールオリエンス
スターズオンアース,ハーパー,スルーセブンシーズ
スターズオンアース,ハーパー,ウインマリリン
スターズオンアース,ハーパー,シャフリヤール
スターズオンアース,ハーパー,プラダリア
スターズオンアース,ハーパー,アイアンバローズ
スターズオンアース,ハーパー,ライラック
スターズオンアース,ハーパー,ホウホウエミーズ
スターズオンアース,ハーパー,ヒートオンビート
スターズオンアース,ホウホウエミーズ,ジャスティンパレス
スターズオンアース,ホウホウエミーズ,タイトルホルダー
スターズオンアース,ホウホウエミーズ,タスティエーラ
スターズオンアース,ホウホウエミーズ,ドウドゥース
スターズオンアース,ホウホウエミーズ,ディープポンド
スターズオンアース,ホウホウエミーズ,ソールオリエンス
スターズオンアース,ホウホウエミーズ,スルーセブンシーズ
スターズオンアース,ホウホウエミーズ,ウインマリリン
スターズオンアース,ホウホウエミーズ,シャフリヤール
スターズオンアース,ホウホウエミーズ,プラダリア
スターズオンアース,ホウホウエミーズ,アイアンバローズ
スターズオンアース,ホウホウエミーズ,ライラック
スターズオンアース,ホウホウエミーズ,ハーパー
スターズオンアース,ホウホウエミーズ,ヒートオンビート
スターズオンアース,ヒートオンビート,ジャスティンパレス
スターズオンアース,ヒートオンビート,タイトルホルダー
スターズオンアース,ヒートオンビート,タスティエーラ
スターズオンアース,ヒートオンビート,ドウドゥース
スターズオンアース,ヒートオンビート,ディープポンド
スターズオンアース,ヒートオンビート,ソールオリエンス
スターズオンアース,ヒートオンビート,スルーセブンシーズ
スターズオンアース,ヒートオンビート,ウインマリリン
スターズオンアース,ヒートオンビート,シャフリヤール
スターズオンアース,ヒートオンビート,プラダリア
スターズオンアース,ヒートオンビート,アイアンバローズ
スターズオンアース,ヒートオンビート,ライラック
スターズオンアース,ヒートオンビート,ハーパー
スターズオンアース,ヒートオンビート,ホウホウエミーズ
ジャスティンパレス,スターズオンアース,タイトルホルダー
ジャスティンパレス,スターズオンアース,タスティエーラ
ジャスティンパレス,スターズオンアース,ドウドゥース
ジャスティンパレス,スターズオンアース,ディープポンド
ジャスティンパレス,スターズオンアース,ソールオリエンス
ジャスティンパレス,スターズオンアース,スルーセブンシーズ
ジャスティンパレス,スターズオンアース,ウインマリリン
ジャスティンパレス,スターズオンアース,シャフリヤール
ジャスティンパレス,スターズオンアース,プラダリア
ジャスティンパレス,スターズオンアース,アイアンバローズ
ジャスティンパレス,スターズオンアース,ライラック
ジャスティンパレス,スターズオンアース,ハーパー
ジャスティンパレス,スターズオンアース,ホウホウエミーズ
ジャスティンパレス,スターズオンアース,ヒートオンビート
ジャスティンパレス,タイトルホルダー,スターズオンアース
ジャスティンパレス,タイトルホルダー,タスティエーラ
ジャスティンパレス,タイトルホルダー,ドウドゥース
ジャスティンパレス,タイトルホルダー,ディープポンド
ジャスティンパレス,タイトルホルダー,ソールオリエンス
ジャスティンパレス,タイトルホルダー,スルーセブンシーズ
ジャスティンパレス,タイトルホルダー,ウインマリリン
ジャスティンパレス,タイトルホルダー,シャフリヤール
ジャスティンパレス,タイトルホルダー,プラダリア
ジャスティンパレス,タイトルホルダー,アイアンバローズ
ジャスティンパレス,タイトルホルダー,ライラック
ジャスティンパレス,タイトルホルダー,ハーパー
ジャスティンパレス,タイトルホルダー,ホウホウエミーズ
ジャスティンパレス,タイトルホルダー,ヒートオンビート
ジャスティンパレス,タスティエーラ,スターズオンアース
ジャスティンパレス,タスティエーラ,タイトルホルダー
ジャスティンパレス,タスティエーラ,ドウドゥース
ジャスティンパレス,タスティエーラ,ディープポンド
ジャスティンパレス,タスティエーラ,ソールオリエンス
ジャスティンパレス,タスティエーラ,スルーセブンシーズ
ジャスティンパレス,タスティエーラ,ウインマリリン
ジャスティンパレス,タスティエーラ,シャフリヤール
ジャスティンパレス,タスティエーラ,プラダリア
ジャスティンパレス,タスティエーラ,アイアンバローズ
ジャスティンパレス,タスティエーラ,ライラック
ジャスティンパレス,タスティエーラ,ハーパー
ジャスティンパレス,タスティエーラ,ホウホウエミーズ
ジャスティンパレス,タスティエーラ,ヒートオンビート
ジャスティンパレス,ドウドゥース,スターズオンアース
ジャスティンパレス,ドウドゥース,タイトルホルダー
ジャスティンパレス,ドウドゥース,タスティエーラ
ジャスティンパレス,ドウドゥース,ディープポンド
ジャスティンパレス,ドウドゥース,ソールオリエンス
ジャスティンパレス,ドウドゥース,スルーセブンシーズ
ジャスティンパレス,ドウドゥース,ウインマリリン
ジャスティンパレス,ドウドゥース,シャフリヤール
ジャスティンパレス,ドウドゥース,プラダリア
ジャスティンパレス,ドウドゥース,アイアンバローズ
ジャスティンパレス,ドウドゥース,ライラック
ジャスティンパレス,ドウドゥース,ハーパー
ジャスティンパレス,ドウドゥース,ホウホウエミーズ
ジャスティンパレス,ドウドゥース,ヒートオンビート
ジャスティンパレス,ディープポンド,スターズオンアース
ジャスティンパレス,ディープポンド,タイトルホルダー
ジャスティンパレス,ディープポンド,タスティエーラ
ジャスティンパレス,ディープポンド,ドウドゥース
ジャスティンパレス,ディープポンド,ソールオリエンス
ジャスティンパレス,ディープポンド,スルーセブンシーズ
ジャスティンパレス,ディープポンド,ウインマリリン
ジャスティンパレス,ディープポンド,シャフリヤール
ジャスティンパレス,ディープポンド,プラダリア
ジャスティンパレス,ディープポンド,アイアンバローズ
ジャスティンパレス,ディープポンド,ライラック
ジャスティンパレス,ディープポンド,ハーパー
ジャスティンパレス,ディープポンド,ホウホウエミーズ
ジャスティンパレス,ディープポンド,ヒートオンビート
ジャスティンパレス,ソールオリエンス,スターズオンアース
ジャスティンパレス,ソールオリエンス,タイトルホルダー
ジャスティンパレス,ソールオリエンス,タスティエーラ
ジャスティンパレス,ソールオリエンス,ドウドゥース
ジャスティンパレス,ソールオリエンス,ディープポンド
ジャスティンパレス,ソールオリエンス,スルーセブンシーズ
ジャスティンパレス,ソールオリエンス,ウインマリリン
ジャスティンパレス,ソールオリエンス,シャフリヤール
ジャスティンパレス,ソールオリエンス,プラダリア
ジャスティンパレス,ソールオリエンス,アイアンバローズ
ジャスティンパレス,ソールオリエンス,ライラック
ジャスティンパレス,ソールオリエンス,ハーパー
ジャスティンパレス,ソールオリエンス,ホウホウエミーズ
ジャスティンパレス,ソールオリエンス,ヒートオンビート
ジャスティンパレス,スルーセブンシーズ,スターズオンアース
ジャスティンパレス,スルーセブンシーズ,タイトルホルダー
ジャスティンパレス,スルーセブンシーズ,タスティエーラ
ジャスティンパレス,スルーセブンシーズ,ドウドゥース
ジャスティンパレス,スルーセブンシーズ,ディープポンド
ジャスティンパレス,スルーセブンシーズ,ソールオリエンス
ジャスティンパレス,スルーセブンシーズ,ウインマリリン
ジャスティンパレス,スルーセブンシーズ,シャフリヤール
ジャスティンパレス,スルーセブンシーズ,プラダリア
ジャスティンパレス,スルーセブンシーズ,アイアンバローズ
ジャスティンパレス,スルーセブンシーズ,ライラック
ジャスティンパレス,スルーセブンシーズ,ハーパー
ジャスティンパレス,スルーセブンシーズ,ホウホウエミーズ
ジャスティンパレス,スルーセブンシーズ,ヒートオンビート
ジャスティンパレス,ウインマリリン,スターズオンアース
ジャスティンパレス,ウインマリリン,タイトルホルダー
ジャスティンパレス,ウインマリリン,タスティエーラ
ジャスティンパレス,ウインマリリン,ドウドゥース
ジャスティンパレス,ウインマリリン,ディープポンド
ジャスティンパレス,ウインマリリン,ソールオリエンス
ジャスティンパレス,ウインマリリン,スルーセブンシーズ
ジャスティンパレス,ウインマリリン,シャフリヤール
ジャスティンパレス,ウインマリリン,プラダリア
ジャスティンパレス,ウインマリリン,アイアンバローズ
ジャスティンパレス,ウインマリリン,ライラック
ジャスティンパレス,ウインマリリン,ハーパー
ジャスティンパレス,ウインマリリン,ホウホウエミーズ
ジャスティンパレス,ウインマリリン,ヒートオンビート
ジャスティンパレス,シャフリヤール,スターズオンアース
ジャスティンパレス,シャフリヤール,タイトルホルダー
ジャスティンパレス,シャフリヤール,タスティエーラ
ジャスティンパレス,シャフリヤール,ドウドゥース
ジャスティンパレス,シャフリヤール,ディープポンド
ジャスティンパレス,シャフリヤール,ソールオリエンス
ジャスティンパレス,シャフリヤール,スルーセブンシーズ
ジャスティンパレス,シャフリヤール,ウインマリリン
ジャスティンパレス,シャフリヤール,プラダリア
ジャスティンパレス,シャフリヤール,アイアンバローズ
ジャスティンパレス,シャフリヤール,ライラック
ジャスティンパレス,シャフリヤール,ハーパー
ジャスティンパレス,シャフリヤール,ホウホウエミーズ
ジャスティンパレス,シャフリヤール,ヒートオンビート
ジャスティンパレス,プラダリア,スターズオンアース
ジャスティンパレス,プラダリア,タイトルホルダー
ジャスティンパレス,プラダリア,タスティエーラ
ジャスティンパレス,プラダリア,ドウドゥース
ジャスティンパレス,プラダリア,ディープポンド
ジャスティンパレス,プラダリア,ソールオリエンス
ジャスティンパレス,プラダリア,スルーセブンシーズ
ジャスティンパレス,プラダリア,ウインマリリン
ジャスティンパレス,プラダリア,シャフリヤール
ジャスティンパレス,プラダリア,アイアンバローズ
ジャスティンパレス,プラダリア,ライラック
ジャスティンパレス,プラダリア,ハーパー
ジャスティンパレス,プラダリア,ホウホウエミーズ
ジャスティンパレス,プラダリア,ヒートオンビート
ジャスティンパレス,アイアンバローズ,スターズオンアース
ジャスティンパレス,アイアンバローズ,タイトルホルダー
ジャスティンパレス,アイアンバローズ,タスティエーラ
ジャスティンパレス,アイアンバローズ,ドウドゥース
ジャスティンパレス,アイアンバローズ,ディープポンド
ジャスティンパレス,アイアンバローズ,ソールオリエンス
ジャスティンパレス,アイアンバローズ,スルーセブンシーズ
ジャスティンパレス,アイアンバローズ,ウインマリリン
ジャスティンパレス,アイアンバローズ,シャフリヤール
ジャスティンパレス,アイアンバローズ,プラダリア
ジャスティンパレス,アイアンバローズ,ライラック
ジャスティンパレス,アイアンバローズ,ハーパー
ジャスティンパレス,アイアンバローズ,ホウホウエミーズ
ジャスティンパレス,アイアンバローズ,ヒートオンビート
ジャスティンパレス,ライラック,スターズオンアース
ジャスティンパレス,ライラック,タイトルホルダー
ジャスティンパレス,ライラック,タスティエーラ
ジャスティンパレス,ライラック,ドウドゥース
ジャスティンパレス,ライラック,ディープポンド
ジャスティンパレス,ライラック,ソールオリエンス
ジャスティンパレス,ライラック,スルーセブンシーズ
ジャスティンパレス,ライラック,ウインマリリン
ジャスティンパレス,ライラック,シャフリヤール
ジャスティンパレス,ライラック,プラダリア
ジャスティンパレス,ライラック,アイアンバローズ
ジャスティンパレス,ライラック,ハーパー
ジャスティンパレス,ライラック,ホウホウエミーズ
ジャスティンパレス,ライラック,ヒートオンビート
ジャスティンパレス,ハーパー,スターズオンアース
ジャスティンパレス,ハーパー,タイトルホルダー
ジャスティンパレス,ハーパー,タスティエーラ
ジャスティンパレス,ハーパー,ドウドゥース
ジャスティンパレス,ハーパー,ディープポンド
ジャスティンパレス,ハーパー,ソールオリエンス
ジャスティンパレス,ハーパー,スルーセブンシーズ
ジャスティンパレス,ハーパー,ウインマリリン
ジャスティンパレス,ハーパー,シャフリヤール
ジャスティンパレス,ハーパー,プラダリア
ジャスティンパレス,ハーパー,アイアンバローズ
ジャスティンパレス,ハーパー,ライラック
ジャスティンパレス,ハーパー,ホウホウエミーズ
ジャスティンパレス,ハーパー,ヒートオンビート
ジャスティンパレス,ホウホウエミーズ,スターズオンアース
ジャスティンパレス,ホウホウエミーズ,タイトルホルダー
ジャスティンパレス,ホウホウエミーズ,タスティエーラ
ジャスティンパレス,ホウホウエミーズ,ドウドゥース
ジャスティンパレス,ホウホウエミーズ,ディープポンド
ジャスティンパレス,ホウホウエミーズ,ソールオリエンス
ジャスティンパレス,ホウホウエミーズ,スルーセブンシーズ
ジャスティンパレス,ホウホウエミーズ,ウインマリリン
ジャスティンパレス,ホウホウエミーズ,シャフリヤール
ジャスティンパレス,ホウホウエミーズ,プラダリア
ジャスティンパレス,ホウホウエミーズ,アイアンバローズ
ジャスティンパレス,ホウホウエミーズ,ライラック
ジャスティンパレス,ホウホウエミーズ,ハーパー
ジャスティンパレス,ホウホウエミーズ,ヒートオンビート
ジャスティンパレス,ヒートオンビート,スターズオンアース
ジャスティンパレス,ヒートオンビート,タイトルホルダー
ジャスティンパレス,ヒートオンビート,タスティエーラ
ジャスティンパレス,ヒートオンビート,ドウドゥース
ジャスティンパレス,ヒートオンビート,ディープポンド
ジャスティンパレス,ヒートオンビート,ソールオリエンス
ジャスティンパレス,ヒートオンビート,スルーセブンシーズ
ジャスティンパレス,ヒートオンビート,ウインマリリン
ジャスティンパレス,ヒートオンビート,シャフリヤール
ジャスティンパレス,ヒートオンビート,プラダリア
ジャスティンパレス,ヒートオンビート,アイアンバローズ
ジャスティンパレス,ヒートオンビート,ライラック
ジャスティンパレス,ヒートオンビート,ハーパー
ジャスティンパレス,ヒートオンビート,ホウホウエミーズ
タイトルホルダー,スターズオンアース,ジャスティンパレス
タイトルホルダー,スターズオンアース,タスティエーラ
タイトルホルダー,スターズオンアース,ドウドゥース
タイトルホルダー,スターズオンアース,ディープポンド
タイトルホルダー,スターズオンアース,ソールオリエンス
タイトルホルダー,スターズオンアース,スルーセブンシーズ
タイトルホルダー,スターズオンアース,ウインマリリン
タイトルホルダー,スターズオンアース,シャフリヤール
タイトルホルダー,スターズオンアース,プラダリア
タイトルホルダー,スターズオンアース,アイアンバローズ
タイトルホルダー,スターズオンアース,ライラック
タイトルホルダー,スターズオンアース,ハーパー
タイトルホルダー,スターズオンアース,ホウホウエミーズ
タイトルホルダー,スターズオンアース,ヒートオンビート
タイトルホルダー,ジャスティンパレス,スターズオンアース
タイトルホルダー,ジャスティンパレス,タスティエーラ
タイトルホルダー,ジャスティンパレス,ドウドゥース
タイトルホルダー,ジャスティンパレス,ディープポンド
タイトルホルダー,ジャスティンパレス,ソールオリエンス
タイトルホルダー,ジャスティンパレス,スルーセブンシーズ
タイトルホルダー,ジャスティンパレス,ウインマリリン
タイトルホルダー,ジャスティンパレス,シャフリヤール
タイトルホルダー,ジャスティンパレス,プラダリア
タイトルホルダー,ジャスティンパレス,アイアンバローズ
タイトルホルダー,ジャスティンパレス,ライラック
タイトルホルダー,ジャスティンパレス,ハーパー
タイトルホルダー,ジャスティンパレス,ホウホウエミーズ
タイトルホルダー,ジャスティンパレス,ヒートオンビート
タイトルホルダー,タスティエーラ,スターズオンアース
タイトルホルダー,タスティエーラ,ジャスティンパレス
タイトルホルダー,タスティエーラ,ドウドゥース
タイトルホルダー,タスティエーラ,ディープポンド
タイトルホルダー,タスティエーラ,ソールオリエンス
タイトルホルダー,タスティエーラ,スルーセブンシーズ
タイトルホルダー,タスティエーラ,ウインマリリン
タイトルホルダー,タスティエーラ,シャフリヤール
タイトルホルダー,タスティエーラ,プラダリア
タイトルホルダー,タスティエーラ,アイアンバローズ
タイトルホルダー,タスティエーラ,ライラック
タイトルホルダー,タスティエーラ,ハーパー
タイトルホルダー,タスティエーラ,ホウホウエミーズ
タイトルホルダー,タスティエーラ,ヒートオンビート
タイトルホルダー,ドウドゥース,スターズオンアース
タイトルホルダー,ドウドゥース,ジャスティンパレス
タイトルホルダー,ドウドゥース,タスティエーラ
タイトルホルダー,ドウドゥース,ディープポンド
タイトルホルダー,ドウドゥース,ソールオリエンス
タイトルホルダー,ドウドゥース,スルーセブンシーズ
タイトルホルダー,ドウドゥース,ウインマリリン
タイトルホルダー,ドウドゥース,シャフリヤール
タイトルホルダー,ドウドゥース,プラダリア
タイトルホルダー,ドウドゥース,アイアンバローズ
タイトルホルダー,ドウドゥース,ライラック
タイトルホルダー,ドウドゥース,ハーパー
タイトルホルダー,ドウドゥース,ホウホウエミーズ
タイトルホルダー,ドウドゥース,ヒートオンビート
タイトルホルダー,ディープポンド,スターズオンアース
タイトルホルダー,ディープポンド,ジャスティンパレス
タイトルホルダー,ディープポンド,タスティエーラ
タイトルホルダー,ディープポンド,ドウドゥース
タイトルホルダー,ディープポンド,ソールオリエンス
タイトルホルダー,ディープポンド,スルーセブンシーズ
タイトルホルダー,ディープポンド,ウインマリリン
タイトルホルダー,ディープポンド,シャフリヤール
タイトルホルダー,ディープポンド,プラダリア
タイトルホルダー,ディープポンド,アイアンバローズ
タイトルホルダー,ディープポンド,ライラック
タイトルホルダー,ディープポンド,ハーパー
タイトルホルダー,ディープポンド,ホウホウエミーズ
タイトルホルダー,ディープポンド,ヒートオンビート
タイトルホルダー,ソールオリエンス,スターズオンアース
タイトルホルダー,ソールオリエンス,ジャスティンパレス
タイトルホルダー,ソールオリエンス,タスティエーラ
タイトルホルダー,ソールオリエンス,ドウドゥース
タイトルホルダー,ソールオリエンス,ディープポンド
タイトルホルダー,ソールオリエンス,スルーセブンシーズ
タイトルホルダー,ソールオリエンス,ウインマリリン
タイトルホルダー,ソールオリエンス,シャフリヤール
タイトルホルダー,ソールオリエンス,プラダリア
タイトルホルダー,ソールオリエンス,アイアンバローズ
タイトルホルダー,ソールオリエンス,ライラック
タイトルホルダー,ソールオリエンス,ハーパー
タイトルホルダー,ソールオリエンス,ホウホウエミーズ
タイトルホルダー,ソールオリエンス,ヒートオンビート
タイトルホルダー,スルーセブンシーズ,スターズオンアース
タイトルホルダー,スルーセブンシーズ,ジャスティンパレス
タイトルホルダー,スルーセブンシーズ,タスティエーラ
タイトルホルダー,スルーセブンシーズ,ドウドゥース
タイトルホルダー,スルーセブンシーズ,ディープポンド
タイトルホルダー,スルーセブンシーズ,ソールオリエンス
タイトルホルダー,スルーセブンシーズ,ウインマリリン
タイトルホルダー,スルーセブンシーズ,シャフリヤール
タイトルホルダー,スルーセブンシーズ,プラダリア
タイトルホルダー,スルーセブンシーズ,アイアンバローズ
タイトルホルダー,スルーセブンシーズ,ライラック
タイトルホルダー,スルーセブンシーズ,ハーパー
タイトルホルダー,スルーセブンシーズ,ホウホウエミーズ
タイトルホルダー,スルーセブンシーズ,ヒートオンビート
タイトルホルダー,ウインマリリン,スターズオンアース
タイトルホルダー,ウインマリリン,ジャスティンパレス
タイトルホルダー,ウインマリリン,タスティエーラ
タイトルホルダー,ウインマリリン,ドウドゥース
タイトルホルダー,ウインマリリン,ディープポンド
タイトルホルダー,ウインマリリン,ソールオリエンス
タイトルホルダー,ウインマリリン,スルーセブンシーズ
タイトルホルダー,ウインマリリン,シャフリヤール
タイトルホルダー,ウインマリリン,プラダリア
タイトルホルダー,ウインマリリン,アイアンバローズ
タイトルホルダー,ウインマリリン,ライラック
タイトルホルダー,ウインマリリン,ハーパー
タイトルホルダー,ウインマリリン,ホウホウエミーズ
タイトルホルダー,ウインマリリン,ヒートオンビート
タイトルホルダー,シャフリヤール,スターズオンアース
タイトルホルダー,シャフリヤール,ジャスティンパレス
タイトルホルダー,シャフリヤール,タスティエーラ
タイトルホルダー,シャフリヤール,ドウドゥース
タイトルホルダー,シャフリヤール,ディープポンド
タイトルホルダー,シャフリヤール,ソールオリエンス
タイトルホルダー,シャフリヤール,スルーセブンシーズ
タイトルホルダー,シャフリヤール,ウインマリリン
タイトルホルダー,シャフリヤール,プラダリア
タイトルホルダー,シャフリヤール,アイアンバローズ
タイトルホルダー,シャフリヤール,ライラック
タイトルホルダー,シャフリヤール,ハーパー
タイトルホルダー,シャフリヤール,ホウホウエミーズ
タイトルホルダー,シャフリヤール,ヒートオンビート
タイトルホルダー,プラダリア,スターズオンアース
タイトルホルダー,プラダリア,ジャスティンパレス
タイトルホルダー,プラダリア,タスティエーラ
タイトルホルダー,プラダリア,ドウドゥース
タイトルホルダー,プラダリア,ディープポンド
タイトルホルダー,プラダリア,ソールオリエンス
タイトルホルダー,プラダリア,スルーセブンシーズ
タイトルホルダー,プラダリア,ウインマリリン
タイトルホルダー,プラダリア,シャフリヤール
タイトルホルダー,プラダリア,アイアンバローズ
タイトルホルダー,プラダリア,ライラック
タイトルホルダー,プラダリア,ハーパー
タイトルホルダー,プラダリア,ホウホウエミーズ
タイトルホルダー,プラダリア,ヒートオンビート
タイトルホルダー,アイアンバローズ,スターズオンアース
タイトルホルダー,アイアンバローズ,ジャスティンパレス
タイトルホルダー,アイアンバローズ,タスティエーラ
タイトルホルダー,アイアンバローズ,ドウドゥース
タイトルホルダー,アイアンバローズ,ディープポンド
タイトルホルダー,アイアンバローズ,ソールオリエンス
タイトルホルダー,アイアンバローズ,スルーセブンシーズ
タイトルホルダー,アイアンバローズ,ウインマリリン
タイトルホルダー,アイアンバローズ,シャフリヤール
タイトルホルダー,アイアンバローズ,プラダリア
タイトルホルダー,アイアンバローズ,ライラック
タイトルホルダー,アイアンバローズ,ハーパー
タイトルホルダー,アイアンバローズ,ホウホウエミーズ
タイトルホルダー,アイアンバローズ,ヒートオンビート
タイトルホルダー,ライラック,スターズオンアース
タイトルホルダー,ライラック,ジャスティンパレス
タイトルホルダー,ライラック,タスティエーラ
タイトルホルダー,ライラック,ドウドゥース
タイトルホルダー,ライラック,ディープポンド
タイトルホルダー,ライラック,ソールオリエンス
タイトルホルダー,ライラック,スルーセブンシーズ
タイトルホルダー,ライラック,ウインマリリン
タイトルホルダー,ライラック,シャフリヤール
タイトルホルダー,ライラック,プラダリア
タイトルホルダー,ライラック,アイアンバローズ
タイトルホルダー,ライラック,ハーパー
タイトルホルダー,ライラック,ホウホウエミーズ
タイトルホルダー,ライラック,ヒートオンビート
タイトルホルダー,ハーパー,スターズオンアース
タイトルホルダー,ハーパー,ジャスティンパレス
タイトルホルダー,ハーパー,タスティエーラ
タイトルホルダー,ハーパー,ドウドゥース
タイトルホルダー,ハーパー,ディープポンド
タイトルホルダー,ハーパー,ソールオリエンス
タイトルホルダー,ハーパー,スルーセブンシーズ
タイトルホルダー,ハーパー,ウインマリリン
タイトルホルダー,ハーパー,シャフリヤール
タイトルホルダー,ハーパー,プラダリア
タイトルホルダー,ハーパー,アイアンバローズ
タイトルホルダー,ハーパー,ライラック
タイトルホルダー,ハーパー,ホウホウエミーズ
タイトルホルダー,ハーパー,ヒートオンビート
タイトルホルダー,ホウホウエミーズ,スターズオンアース
タイトルホルダー,ホウホウエミーズ,ジャスティンパレス
タイトルホルダー,ホウホウエミーズ,タスティエーラ
タイトルホルダー,ホウホウエミーズ,ドウドゥース
タイトルホルダー,ホウホウエミーズ,ディープポンド
タイトルホルダー,ホウホウエミーズ,ソールオリエンス
タイトルホルダー,ホウホウエミーズ,スルーセブンシーズ
タイトルホルダー,ホウホウエミーズ,ウインマリリン
タイトルホルダー,ホウホウエミーズ,シャフリヤール
タイトルホルダー,ホウホウエミーズ,プラダリア
タイトルホルダー,ホウホウエミーズ,アイアンバローズ
タイトルホルダー,ホウホウエミーズ,ライラック
タイトルホルダー,ホウホウエミーズ,ハーパー
タイトルホルダー,ホウホウエミーズ,ヒートオンビート
タイトルホルダー,ヒートオンビート,スターズオンアース
タイトルホルダー,ヒートオンビート,ジャスティンパレス
タイトルホルダー,ヒートオンビート,タスティエーラ
タイトルホルダー,ヒートオンビート,ドウドゥース
タイトルホルダー,ヒートオンビート,ディープポンド
タイトルホルダー,ヒートオンビート,ソールオリエンス
タイトルホルダー,ヒートオンビート,スルーセブンシーズ
タイトルホルダー,ヒートオンビート,ウインマリリン
タイトルホルダー,ヒートオンビート,シャフリヤール
タイトルホルダー,ヒートオンビート,プラダリア
タイトルホルダー,ヒートオンビート,アイアンバローズ
タイトルホルダー,ヒートオンビート,ライラック
タイトルホルダー,ヒートオンビート,ハーパー
タイトルホルダー,ヒートオンビート,ホウホウエミーズ
タスティエーラ,スターズオンアース,ジャスティンパレス
タスティエーラ,スターズオンアース,タイトルホルダー
タスティエーラ,スターズオンアース,ドウドゥース
タスティエーラ,スターズオンアース,ディープポンド
タスティエーラ,スターズオンアース,ソールオリエンス
タスティエーラ,スターズオンアース,スルーセブンシーズ
タスティエーラ,スターズオンアース,ウインマリリン
タスティエーラ,スターズオンアース,シャフリヤール
タスティエーラ,スターズオンアース,プラダリア
タスティエーラ,スターズオンアース,アイアンバローズ
タスティエーラ,スターズオンアース,ライラック
タスティエーラ,スターズオンアース,ハーパー
タスティエーラ,スターズオンアース,ホウホウエミーズ
タスティエーラ,スターズオンアース,ヒートオンビート
タスティエーラ,ジャスティンパレス,スターズオンアース
タスティエーラ,ジャスティンパレス,タイトルホルダー
タスティエーラ,ジャスティンパレス,ドウドゥース
タスティエーラ,ジャスティンパレス,ディープポンド
タスティエーラ,ジャスティンパレス,ソールオリエンス
タスティエーラ,ジャスティンパレス,スルーセブンシーズ
タスティエーラ,ジャスティンパレス,ウインマリリン
タスティエーラ,ジャスティンパレス,シャフリヤール
タスティエーラ,ジャスティンパレス,プラダリア
タスティエーラ,ジャスティンパレス,アイアンバローズ
タスティエーラ,ジャスティンパレス,ライラック
タスティエーラ,ジャスティンパレス,ハーパー
タスティエーラ,ジャスティンパレス,ホウホウエミーズ
タスティエーラ,ジャスティンパレス,ヒートオンビート
タスティエーラ,タイトルホルダー,スターズオンアース
タスティエーラ,タイトルホルダー,ジャスティンパレス
タスティエーラ,タイトルホルダー,ドウドゥース
タスティエーラ,タイトルホルダー,ディープポンド
タスティエーラ,タイトルホルダー,ソールオリエンス
タスティエーラ,タイトルホルダー,スルーセブンシーズ
タスティエーラ,タイトルホルダー,ウインマリリン
タスティエーラ,タイトルホルダー,シャフリヤール
タスティエーラ,タイトルホルダー,プラダリア
タスティエーラ,タイトルホルダー,アイアンバローズ
タスティエーラ,タイトルホルダー,ライラック
タスティエーラ,タイトルホルダー,ハーパー
タスティエーラ,タイトルホルダー,ホウホウエミーズ
タスティエーラ,タイトルホルダー,ヒートオンビート
タスティエーラ,ドウドゥース,スターズオンアース
タスティエーラ,ドウドゥース,ジャスティンパレス
タスティエーラ,ドウドゥース,タイトルホルダー
タスティエーラ,ドウドゥース,ディープポンド
タスティエーラ,ドウドゥース,ソールオリエンス
タスティエーラ,ドウドゥース,スルーセブンシーズ
タスティエーラ,ドウドゥース,ウインマリリン
タスティエーラ,ドウドゥース,シャフリヤール
タスティエーラ,ドウドゥース,プラダリア
タスティエーラ,ドウドゥース,アイアンバローズ
タスティエーラ,ドウドゥース,ライラック
タスティエーラ,ドウドゥース,ハーパー
タスティエーラ,ドウドゥース,ホウホウエミーズ
タスティエーラ,ドウドゥース,ヒートオンビート
タスティエーラ,ディープポンド,スターズオンアース
タスティエーラ,ディープポンド,ジャスティンパレス
タスティエーラ,ディープポンド,タイトルホルダー
タスティエーラ,ディープポンド,ドウドゥース
タスティエーラ,ディープポンド,ソールオリエンス
タスティエーラ,ディープポンド,スルーセブンシーズ
タスティエーラ,ディープポンド,ウインマリリン
タスティエーラ,ディープポンド,シャフリヤール
タスティエーラ,ディープポンド,プラダリア
タスティエーラ,ディープポンド,アイアンバローズ
タスティエーラ,ディープポンド,ライラック
タスティエーラ,ディープポンド,ハーパー
タスティエーラ,ディープポンド,ホウホウエミーズ
タスティエーラ,ディープポンド,ヒートオンビート
タスティエーラ,ソールオリエンス,スターズオンアース
タスティエーラ,ソールオリエンス,ジャスティンパレス
タスティエーラ,ソールオリエンス,タイトルホルダー
タスティエーラ,ソールオリエンス,ドウドゥース
タスティエーラ,ソールオリエンス,ディープポンド
タスティエーラ,ソールオリエンス,スルーセブンシーズ
タスティエーラ,ソールオリエンス,ウインマリリン
タスティエーラ,ソールオリエンス,シャフリヤール
タスティエーラ,ソールオリエンス,プラダリア
タスティエーラ,ソールオリエンス,アイアンバローズ
タスティエーラ,ソールオリエンス,ライラック
タスティエーラ,ソールオリエンス,ハーパー
タスティエーラ,ソールオリエンス,ホウホウエミーズ
タスティエーラ,ソールオリエンス,ヒートオンビート
タスティエーラ,スルーセブンシーズ,スターズオンアース
タスティエーラ,スルーセブンシーズ,ジャスティンパレス
タスティエーラ,スルーセブンシーズ,タイトルホルダー
タスティエーラ,スルーセブンシーズ,ドウドゥース
タスティエーラ,スルーセブンシーズ,ディープポンド
タスティエーラ,スルーセブンシーズ,ソールオリエンス
タスティエーラ,スルーセブンシーズ,ウインマリリン
タスティエーラ,スルーセブンシーズ,シャフリヤール
タスティエーラ,スルーセブンシーズ,プラダリア
タスティエーラ,スルーセブンシーズ,アイアンバローズ
タスティエーラ,スルーセブンシーズ,ライラック
タスティエーラ,スルーセブンシーズ,ハーパー
タスティエーラ,スルーセブンシーズ,ホウホウエミーズ
タスティエーラ,スルーセブンシーズ,ヒートオンビート
タスティエーラ,ウインマリリン,スターズオンアース
タスティエーラ,ウインマリリン,ジャスティンパレス
タスティエーラ,ウインマリリン,タイトルホルダー
タスティエーラ,ウインマリリン,ドウドゥース
タスティエーラ,ウインマリリン,ディープポンド
タスティエーラ,ウインマリリン,ソールオリエンス
タスティエーラ,ウインマリリン,スルーセブンシーズ
タスティエーラ,ウインマリリン,シャフリヤール
タスティエーラ,ウインマリリン,プラダリア
タスティエーラ,ウインマリリン,アイアンバローズ
タスティエーラ,ウインマリリン,ライラック
タスティエーラ,ウインマリリン,ハーパー
タスティエーラ,ウインマリリン,ホウホウエミーズ
タスティエーラ,ウインマリリン,ヒートオンビート
タスティエーラ,シャフリヤール,スターズオンアース
タスティエーラ,シャフリヤール,ジャスティンパレス
タスティエーラ,シャフリヤール,タイトルホルダー
タスティエーラ,シャフリヤール,ドウドゥース
タスティエーラ,シャフリヤール,ディープポンド
タスティエーラ,シャフリヤール,ソールオリエンス
タスティエーラ,シャフリヤール,スルーセブンシーズ
タスティエーラ,シャフリヤール,ウインマリリン
タスティエーラ,シャフリヤール,プラダリア
タスティエーラ,シャフリヤール,アイアンバローズ
タスティエーラ,シャフリヤール,ライラック
タスティエーラ,シャフリヤール,ハーパー
タスティエーラ,シャフリヤール,ホウホウエミーズ
タスティエーラ,シャフリヤール,ヒートオンビート
タスティエーラ,プラダリア,スターズオンアース
タスティエーラ,プラダリア,ジャスティンパレス
タスティエーラ,プラダリア,タイトルホルダー
タスティエーラ,プラダリア,ドウドゥース
タスティエーラ,プラダリア,ディープポンド
タスティエーラ,プラダリア,ソールオリエンス
タスティエーラ,プラダリア,スルーセブンシーズ
タスティエーラ,プラダリア,ウインマリリン
タスティエーラ,プラダリア,シャフリヤール
タスティエーラ,プラダリア,アイアンバローズ
タスティエーラ,プラダリア,ライラック
タスティエーラ,プラダリア,ハーパー
タスティエーラ,プラダリア,ホウホウエミーズ
タスティエーラ,プラダリア,ヒートオンビート
タスティエーラ,アイアンバローズ,スターズオンアース
タスティエーラ,アイアンバローズ,ジャスティンパレス
タスティエーラ,アイアンバローズ,タイトルホルダー
タスティエーラ,アイアンバローズ,ドウドゥース
タスティエーラ,アイアンバローズ,ディープポンド
タスティエーラ,アイアンバローズ,ソールオリエンス
タスティエーラ,アイアンバローズ,スルーセブンシーズ
タスティエーラ,アイアンバローズ,ウインマリリン
タスティエーラ,アイアンバローズ,シャフリヤール
タスティエーラ,アイアンバローズ,プラダリア
タスティエーラ,アイアンバローズ,ライラック
タスティエーラ,アイアンバローズ,ハーパー
タスティエーラ,アイアンバローズ,ホウホウエミーズ
タスティエーラ,アイアンバローズ,ヒートオンビート
タスティエーラ,ライラック,スターズオンアース
タスティエーラ,ライラック,ジャスティンパレス
タスティエーラ,ライラック,タイトルホルダー
タスティエーラ,ライラック,ドウドゥース
タスティエーラ,ライラック,ディープポンド
タスティエーラ,ライラック,ソールオリエンス
タスティエーラ,ライラック,スルーセブンシーズ
タスティエーラ,ライラック,ウインマリリン
タスティエーラ,ライラック,シャフリヤール
タスティエーラ,ライラック,プラダリア
タスティエーラ,ライラック,アイアンバローズ
タスティエーラ,ライラック,ハーパー
タスティエーラ,ライラック,ホウホウエミーズ
タスティエーラ,ライラック,ヒートオンビート
タスティエーラ,ハーパー,スターズオンアース
タスティエーラ,ハーパー,ジャスティンパレス
タスティエーラ,ハーパー,タイトルホルダー
タスティエーラ,ハーパー,ドウドゥース
タスティエーラ,ハーパー,ディープポンド
タスティエーラ,ハーパー,ソールオリエンス
タスティエーラ,ハーパー,スルーセブンシーズ
タスティエーラ,ハーパー,ウインマリリン
タスティエーラ,ハーパー,シャフリヤール
タスティエーラ,ハーパー,プラダリア
タスティエーラ,ハーパー,アイアンバローズ
タスティエーラ,ハーパー,ライラック
タスティエーラ,ハーパー,ホウホウエミーズ
タスティエーラ,ハーパー,ヒートオンビート
タスティエーラ,ホウホウエミーズ,スターズオンアース
タスティエーラ,ホウホウエミーズ,ジャスティンパレス
タスティエーラ,ホウホウエミーズ,タイトルホルダー
タスティエーラ,ホウホウエミーズ,ドウドゥース
タスティエーラ,ホウホウエミーズ,ディープポンド
タスティエーラ,ホウホウエミーズ,ソールオリエンス
タスティエーラ,ホウホウエミーズ,スルーセブンシーズ
タスティエーラ,ホウホウエミーズ,ウインマリリン
タスティエーラ,ホウホウエミーズ,シャフリヤール
タスティエーラ,ホウホウエミーズ,プラダリア
タスティエーラ,ホウホウエミーズ,アイアンバローズ
タスティエーラ,ホウホウエミーズ,ライラック
タスティエーラ,ホウホウエミーズ,ハーパー
タスティエーラ,ホウホウエミーズ,ヒートオンビート
タスティエーラ,ヒートオンビート,スターズオンアース
タスティエーラ,ヒートオンビート,ジャスティンパレス
タスティエーラ,ヒートオンビート,タイトルホルダー
タスティエーラ,ヒートオンビート,ドウドゥース
タスティエーラ,ヒートオンビート,ディープポンド
タスティエーラ,ヒートオンビート,ソールオリエンス
タスティエーラ,ヒートオンビート,スルーセブンシーズ
タスティエーラ,ヒートオンビート,ウインマリリン
タスティエーラ,ヒートオンビート,シャフリヤール
タスティエーラ,ヒートオンビート,プラダリア
タスティエーラ,ヒートオンビート,アイアンバローズ
タスティエーラ,ヒートオンビート,ライラック
タスティエーラ,ヒートオンビート,ハーパー
タスティエーラ,ヒートオンビート,ホウホウエミーズ
ドウドゥース,スターズオンアース,ジャスティンパレス
ドウドゥース,スターズオンアース,タイトルホルダー
ドウドゥース,スターズオンアース,タスティエーラ
ドウドゥース,スターズオンアース,ディープポンド
ドウドゥース,スターズオンアース,ソールオリエンス
ドウドゥース,スターズオンアース,スルーセブンシーズ
ドウドゥース,スターズオンアース,ウインマリリン
ドウドゥース,スターズオンアース,シャフリヤール
ドウドゥース,スターズオンアース,プラダリア
ドウドゥース,スターズオンアース,アイアンバローズ
ドウドゥース,スターズオンアース,ライラック
ドウドゥース,スターズオンアース,ハーパー
ドウドゥース,スターズオンアース,ホウホウエミーズ
ドウドゥース,スターズオンアース,ヒートオンビート
ドウドゥース,ジャスティンパレス,スターズオンアース
ドウドゥース,ジャスティンパレス,タイトルホルダー
ドウドゥース,ジャスティンパレス,タスティエーラ
ドウドゥース,ジャスティンパレス,ディープポンド
ドウドゥース,ジャスティンパレス,ソールオリエンス
ドウドゥース,ジャスティンパレス,スルーセブンシーズ
ドウドゥース,ジャスティンパレス,ウインマリリン
ドウドゥース,ジャスティンパレス,シャフリヤール
ドウドゥース,ジャスティンパレス,プラダリア
ドウドゥース,ジャスティンパレス,アイアンバローズ
ドウドゥース,ジャスティンパレス,ライラック
ドウドゥース,ジャスティンパレス,ハーパー
ドウドゥース,ジャスティンパレス,ホウホウエミーズ
ドウドゥース,ジャスティンパレス,ヒートオンビート
ドウドゥース,タイトルホルダー,スターズオンアース
ドウドゥース,タイトルホルダー,ジャスティンパレス
ドウドゥース,タイトルホルダー,タスティエーラ
ドウドゥース,タイトルホルダー,ディープポンド
ドウドゥース,タイトルホルダー,ソールオリエンス
ドウドゥース,タイトルホルダー,スルーセブンシーズ
ドウドゥース,タイトルホルダー,ウインマリリン
ドウドゥース,タイトルホルダー,シャフリヤール
ドウドゥース,タイトルホルダー,プラダリア
ドウドゥース,タイトルホルダー,アイアンバローズ
ドウドゥース,タイトルホルダー,ライラック
ドウドゥース,タイトルホルダー,ハーパー
ドウドゥース,タイトルホルダー,ホウホウエミーズ
ドウドゥース,タイトルホルダー,ヒートオンビート
ドウドゥース,タスティエーラ,スターズオンアース
ドウドゥース,タスティエーラ,ジャスティンパレス
ドウドゥース,タスティエーラ,タイトルホルダー
ドウドゥース,タスティエーラ,ディープポンド
ドウドゥース,タスティエーラ,ソールオリエンス
ドウドゥース,タスティエーラ,スルーセブンシーズ
ドウドゥース,タスティエーラ,ウインマリリン
ドウドゥース,タスティエーラ,シャフリヤール
ドウドゥース,タスティエーラ,プラダリア
ドウドゥース,タスティエーラ,アイアンバローズ
ドウドゥース,タスティエーラ,ライラック
ドウドゥース,タスティエーラ,ハーパー
ドウドゥース,タスティエーラ,ホウホウエミーズ
ドウドゥース,タスティエーラ,ヒートオンビート
ドウドゥース,ディープポンド,スターズオンアース
ドウドゥース,ディープポンド,ジャスティンパレス
ドウドゥース,ディープポンド,タイトルホルダー
ドウドゥース,ディープポンド,タスティエーラ
ドウドゥース,ディープポンド,ソールオリエンス
ドウドゥース,ディープポンド,スルーセブンシーズ
ドウドゥース,ディープポンド,ウインマリリン
ドウドゥース,ディープポンド,シャフリヤール
ドウドゥース,ディープポンド,プラダリア
ドウドゥース,ディープポンド,アイアンバローズ
ドウドゥース,ディープポンド,ライラック
ドウドゥース,ディープポンド,ハーパー
ドウドゥース,ディープポンド,ホウホウエミーズ
ドウドゥース,ディープポンド,ヒートオンビート
ドウドゥース,ソールオリエンス,スターズオンアース
ドウドゥース,ソールオリエンス,ジャスティンパレス
ドウドゥース,ソールオリエンス,タイトルホルダー
ドウドゥース,ソールオリエンス,タスティエーラ
ドウドゥース,ソールオリエンス,ディープポンド
ドウドゥース,ソールオリエンス,スルーセブンシーズ
ドウドゥース,ソールオリエンス,ウインマリリン
ドウドゥース,ソールオリエンス,シャフリヤール
ドウドゥース,ソールオリエンス,プラダリア
ドウドゥース,ソールオリエンス,アイアンバローズ
ドウドゥース,ソールオリエンス,ライラック
ドウドゥース,ソールオリエンス,ハーパー
ドウドゥース,ソールオリエンス,ホウホウエミーズ
ドウドゥース,ソールオリエンス,ヒートオンビート
ドウドゥース,スルーセブンシーズ,スターズオンアース
ドウドゥース,スルーセブンシーズ,ジャスティンパレス
ドウドゥース,スルーセブンシーズ,タイトルホルダー
ドウドゥース,スルーセブンシーズ,タスティエーラ
ドウドゥース,スルーセブンシーズ,ディープポンド
ドウドゥース,スルーセブンシーズ,ソールオリエンス
ドウドゥース,スルーセブンシーズ,ウインマリリン
ドウドゥース,スルーセブンシーズ,シャフリヤール
ドウドゥース,スルーセブンシーズ,プラダリア
ドウドゥース,スルーセブンシーズ,アイアンバローズ
ドウドゥース,スルーセブンシーズ,ライラック
ドウドゥース,スルーセブンシーズ,ハーパー
ドウドゥース,スルーセブンシーズ,ホウホウエミーズ
ドウドゥース,スルーセブンシーズ,ヒートオンビート
ドウドゥース,ウインマリリン,スターズオンアース
ドウドゥース,ウインマリリン,ジャスティンパレス
ドウドゥース,ウインマリリン,タイトルホルダー
ドウドゥース,ウインマリリン,タスティエーラ
ドウドゥース,ウインマリリン,ディープポンド
ドウドゥース,ウインマリリン,ソールオリエンス
ドウドゥース,ウインマリリン,スルーセブンシーズ
ドウドゥース,ウインマリリン,シャフリヤール
ドウドゥース,ウインマリリン,プラダリア
ドウドゥース,ウインマリリン,アイアンバローズ
ドウドゥース,ウインマリリン,ライラック
ドウドゥース,ウインマリリン,ハーパー
ドウドゥース,ウインマリリン,ホウホウエミーズ
ドウドゥース,ウインマリリン,ヒートオンビート
ドウドゥース,シャフリヤール,スターズオンアース
ドウドゥース,シャフリヤール,ジャスティンパレス
ドウドゥース,シャフリヤール,タイトルホルダー
ドウドゥース,シャフリヤール,タスティエーラ
ドウドゥース,シャフリヤール,ディープポンド
ドウドゥース,シャフリヤール,ソールオリエンス
ドウドゥース,シャフリヤール,スルーセブンシーズ
ドウドゥース,シャフリヤール,ウインマリリン
ドウドゥース,シャフリヤール,プラダリア
ドウドゥース,シャフリヤール,アイアンバローズ
ドウドゥース,シャフリヤール,ライラック
ドウドゥース,シャフリヤール,ハーパー
ドウドゥース,シャフリヤール,ホウホウエミーズ
ドウドゥース,シャフリヤール,ヒートオンビート
ドウドゥース,プラダリア,スターズオンアース
ドウドゥース,プラダリア,ジャスティンパレス
ドウドゥース,プラダリア,タイトルホルダー
ドウドゥース,プラダリア,タスティエーラ
ドウドゥース,プラダリア,ディープポンド
ドウドゥース,プラダリア,ソールオリエンス
ドウドゥース,プラダリア,スルーセブンシーズ
ドウドゥース,プラダリア,ウインマリリン
ドウドゥース,プラダリア,シャフリヤール
ドウドゥース,プラダリア,アイアンバローズ
ドウドゥース,プラダリア,ライラック
ドウドゥース,プラダリア,ハーパー
ドウドゥース,プラダリア,ホウホウエミーズ
ドウドゥース,プラダリア,ヒートオンビート
ドウドゥース,アイアンバローズ,スターズオンアース
ドウドゥース,アイアンバローズ,ジャスティンパレス
ドウドゥース,アイアンバローズ,タイトルホルダー
ドウドゥース,アイアンバローズ,タスティエーラ
ドウドゥース,アイアンバローズ,ディープポンド
ドウドゥース,アイアンバローズ,ソールオリエンス
ドウドゥース,アイアンバローズ,スルーセブンシーズ
ドウドゥース,アイアンバローズ,ウインマリリン
ドウドゥース,アイアンバローズ,シャフリヤール
ドウドゥース,アイアンバローズ,プラダリア
ドウドゥース,アイアンバローズ,ライラック
ドウドゥース,アイアンバローズ,ハーパー
ドウドゥース,アイアンバローズ,ホウホウエミーズ
ドウドゥース,アイアンバローズ,ヒートオンビート
ドウドゥース,ライラック,スターズオンアース
ドウドゥース,ライラック,ジャスティンパレス
ドウドゥース,ライラック,タイトルホルダー
ドウドゥース,ライラック,タスティエーラ
ドウドゥース,ライラック,ディープポンド
ドウドゥース,ライラック,ソールオリエンス
